<?xml version="1.0" encoding="utf-8" ?>
<dwsync>
<file name="Bio Mike.docx" server="192.254.130.115/httpdocs/" local="130020912000000000" remote="130020912000000000" />
<file name="NTYPM Introduction.docx" server="192.254.130.115/httpdocs/" local="130020912000000000" remote="130020912000000000" />
<file name="Why Train Your Dog.docx" server="192.254.130.115/httpdocs/" local="130020912000000000" remote="130020912000000000" />
<file name="Why Train Your Dog[1].pdf" server="192.254.130.115/httpdocs/" local="130020912000000000" remote="130020912000000000" />
<file name="article1.html" server="192.254.130.115/httpdocs/" local="130020912000000000" remote="130020912000000000" />
<file name="article1.html" server="home707696169.1and1-data.host/pamperedpets/" local="130020912000000000" remote="131539443620000000" />
<file name="Bio Mike.docx" server="home707696169.1and1-data.host/pamperedpets/" local="130020912000000000" remote="131539443620000000" />
<file name="NTYPM Introduction.docx" server="home707696169.1and1-data.host/pamperedpets/" local="130020912000000000" remote="131539443620000000" />
<file name="Why Train Your Dog.docx" server="home707696169.1and1-data.host/pamperedpets/" local="130020912000000000" remote="131539443630000000" />
<file name="Why Train Your Dog[1].pdf" server="home707696169.1and1-data.host/pamperedpets/" local="130020912000000000" remote="131539443630000000" />
</dwsync>