<?xml version="1.0" encoding="utf-8" ?>
<dwsync>
<file name="conf.pl.8" server="192.254.130.115/httpdocs/" local="129896496000000000" remote="129896496000000000" />
<file name="decrypt_headers.php" server="192.254.130.115/httpdocs/" local="129896496000000000" remote="129896496000000000" />
<file name="squirrelmail.mailto.NT2KXP.reg" server="192.254.130.115/httpdocs/" local="129896496000000000" remote="129896496000000000" />
<file name="squirrelmail.mailto.Win9x.reg" server="192.254.130.115/httpdocs/" local="129896496000000000" remote="129896496000000000" />
<file name="conf.pl.8" server="home707696169.1and1-data.host/pamperedpets/" local="129896496000000000" remote="131539445190000000" />
<file name="decrypt_headers.php" server="home707696169.1and1-data.host/pamperedpets/" local="129896496000000000" remote="131539445190000000" />
<file name="squirrelmail.mailto.NT2KXP.reg" server="home707696169.1and1-data.host/pamperedpets/" local="129896496000000000" remote="131539445220000000" />
<file name="squirrelmail.mailto.Win9x.reg" server="home707696169.1and1-data.host/pamperedpets/" local="129896496000000000" remote="131539445220000000" />
</dwsync>