<?xml version="1.0" encoding="utf-8" ?>
<dwsync>
<file name="SpryAccordion.css" server="192.254.130.115/httpdocs/" local="129875760000000000" remote="129875760000000000" />
<file name="SpryAccordion.js" server="192.254.130.115/httpdocs/" local="129875760000000000" remote="129875760000000000" />
<file name="SpryCollapsiblePanel.css" server="192.254.130.115/httpdocs/" local="129875760000000000" remote="129875760000000000" />
<file name="SpryCollapsiblePanel.js" server="192.254.130.115/httpdocs/" local="129875760000000000" remote="129875760000000000" />
<file name="SpryEffects.js" server="192.254.130.115/httpdocs/" local="129875760000000000" remote="129875760000000000" />
<file name="SpryMenuBar.js" server="192.254.130.115/httpdocs/" local="130643856000000000" remote="130643856000000000" />
<file name="SpryMenuBarRight.gif" server="192.254.130.115/httpdocs/" local="130643856000000000" remote="130643856000000000" />
<file name="SpryMenuBarRightHover.gif" server="192.254.130.115/httpdocs/" local="130643856000000000" remote="130643856000000000" />
<file name="SpryMenuBarVertical.css" server="192.254.130.115/httpdocs/" local="130643856000000000" remote="130643856000000000" />
<file name="SpryAccordion.css" server="home707696169.1and1-data.host/pamperedpets/" local="129875760000000000" remote="131539445020000000" />
<file name="SpryAccordion.js" server="home707696169.1and1-data.host/pamperedpets/" local="129875760000000000" remote="131539445020000000" />
<file name="SpryCollapsiblePanel.css" server="home707696169.1and1-data.host/pamperedpets/" local="129875760000000000" remote="131539445020000000" />
<file name="SpryCollapsiblePanel.js" server="home707696169.1and1-data.host/pamperedpets/" local="129875760000000000" remote="131539445030000000" />
<file name="SpryEffects.js" server="home707696169.1and1-data.host/pamperedpets/" local="129875760000000000" remote="131539445030000000" />
<file name="SpryMenuBar.js" server="home707696169.1and1-data.host/pamperedpets/" local="130643856000000000" remote="131539445030000000" />
<file name="SpryMenuBarRight.gif" server="home707696169.1and1-data.host/pamperedpets/" local="130643856000000000" remote="131539445030000000" />
<file name="SpryMenuBarRightHover.gif" server="home707696169.1and1-data.host/pamperedpets/" local="130643856000000000" remote="131539445040000000" />
<file name="SpryMenuBarVertical.css" server="home707696169.1and1-data.host/pamperedpets/" local="130643856000000000" remote="131539445040000000" />
</dwsync>